{"cameraMode":{"drawMode":0,"name":"Shaded","section":"Shading Mode"},"sceneLighting":true,"audioPlay":false,"sceneViewState":{"m_AlwaysRefresh":false,"showFog":true,"showSkybox":true,"showFlares":true,"showImageEffects":true,"showParticleSystems":true,"showVisualEffectGraphs":true,"m_FxEnabled":true},"in2DMode":false,"pivot":{"x":-0.07456887513399124,"y":0.029381632804870607,"z":0.32744020223617556},"rotation":{"x":0.10011884570121765,"y":-0.06472896039485932,"z":0.006527619902044535,"w":0.9928568601608276},"size":0.501306414604187,"orthographic":true}