{"cameraMode":{"drawMode":0,"name":"Shaded","section":"Shading Mode"},"sceneLighting":true,"audioPlay":false,"sceneViewState":{"m_AlwaysRefresh":false,"showFog":true,"showSkybox":true,"showFlares":true,"showImageEffects":true,"showParticleSystems":true,"showVisualEffectGraphs":true,"m_FxEnabled":true},"in2DMode":false,"pivot":{"x":-253.3944549560547,"y":3.666947603225708,"z":1.8723342418670655},"rotation":{"x":0.10032976418733597,"y":-0.0059698657132685188,"z":0.0006018587155267596,"w":0.994940996170044},"size":13.468603134155274,"orthographic":false}