{"cameraMode":{"drawMode":0,"name":"Shaded","section":"Shading Mode"},"sceneLighting":true,"audioPlay":false,"sceneViewState":{"m_AlwaysRefresh":false,"showFog":true,"showSkybox":true,"showFlares":true,"showImageEffects":true,"showParticleSystems":true,"showVisualEffectGraphs":true,"m_FxEnabled":true},"in2DMode":false,"pivot":{"x":-212.234619140625,"y":2.8744404315948488,"z":-0.4005971848964691},"rotation":{"x":0.05027252435684204,"y":0.06437379121780396,"z":-0.0032493993639945986,"w":0.9966624975204468},"size":4.641759395599365,"orthographic":false}