{"cameraMode":{"drawMode":0,"name":"Shaded","section":"Shading Mode"},"sceneLighting":true,"audioPlay":false,"sceneViewState":{"m_AlwaysRefresh":false,"showFog":true,"showSkybox":true,"showFlares":true,"showImageEffects":true,"showParticleSystems":true,"showVisualEffectGraphs":true,"m_FxEnabled":true},"in2DMode":false,"pivot":{"x":-236.13247680664063,"y":-0.6142673492431641,"z":12.169418334960938},"rotation":{"x":0.1602303683757782,"y":-0.17372995615005494,"z":0.02866065688431263,"w":0.9712527990341187},"size":8.418732643127442,"orthographic":false}