{"cameraMode":{"drawMode":0,"name":"Shaded","section":"Shading Mode"},"sceneLighting":true,"audioPlay":false,"sceneViewState":{"m_AlwaysRefresh":false,"showFog":true,"showSkybox":false,"showFlares":true,"showImageEffects":true,"showParticleSystems":true,"showVisualEffectGraphs":true,"m_FxEnabled":true},"in2DMode":false,"pivot":{"x":-1.2179793119430543,"y":0.8404334783554077,"z":2.997548818588257},"rotation":{"x":0.16195572912693025,"y":-0.05178127437829971,"z":0.008510223589837551,"w":0.9854039549827576},"size":0.9461804032325745,"orthographic":false}